name,trueheight,shoeheight,weight,wingspan,reach,standvert,agility,sprint,draft,class
Pete Mickeal,"6' 5""","6' 5.5""",222,"6' 9.5""","8' 7.5""",28,10.83,3.06,58,2000
Jaquay Walls,"6' 1.25""","6' 2""",166,"6' 2.5""","8' 0.5""",28.5,10.75,3.23,56,2000
Chris Porter,"6' 5.5""","6' 6.5""",214,"6' 9.5""","8' 7.5""",28.5,10.93,3.2,55,2000
Cory Hightower,"6' 5.5""","6' 6.5""",183,"6' 11""","8' 5.5""",29.5,11.92,3.37,54,2000
Dan McClintock,"6' 11""","7' 0.5""",250,"7' 1.5""","8' 11""",33,11.52,3.33,53,2000
Ernest Brown,"6' 10""","6' 11.25""",223,"7' 1.25""","9' 1.5""",,,,52,2000
Igor Rakocevic,"6' 2.5""","6' 3.25""",184,"6' 5.25""","8' 4""",27.5,10.4,3.1,51,2000
Jason Hart,"6' 1.75""","6' 2.5""",181,"6' 6""","8' 1.5""",29.5,11.7,3.34,49,2000
Mark Karcher,"6' 4""","6' 5""",218,"6' 8""","8' 6.5""",27.5,11.51,3.4,48,2000
Antonis Fotsis,"6' 9.25""","6' 10.25""",219,"6' 8.5""","8' 10""",27,11.6,3.44,47,2000
Jabari Smith,"6' 9.75""","6' 11""",241,"7' 2.5""","9' 1.5""",24.5,12.45,3.43,45,2000
Michael Redd,"6' 4.75""","6' 5.75""",214,"6' 9""","8' 6""",27,12.06,3.34,43,2000
Lavor Postell,"6' 4.5""","6' 5""",205,"6' 8.5""","8' 5.5""",33.5,11.79,3.3,39,2000
Eduardo Najera,"6' 6.5""","6' 7.5""",235,"6' 11.5""","8' 8.5""",28,11.38,3.45,38,2000
Eddie House,"5' 11.75""","6' 0.5""",177,"6' 3.5""","7' 11""",29.5,11.12,3.27,37,2000
Mike Smith,"6' 6.5""",,198,"6' 8.5""","8' 7""",33,11.32,3.22,35,2000
Khalid El-Amin,"5' 9""","5' 9.75""",200,"6' 1.5""","7' 9""",27.5,10.59,3.32,34,2000
A.J. Guyton,"6' 0.75""","6' 1.5""",175,"6' 3.75""","8' 1.5""",33,10.55,3.22,32,2000
Dan Langhi,"6' 9""","6' 10""",198,"6' 8""","8' 8""",31,10.85,3.24,31,2000
Marko Jaric,"6' 6.5""","6' 8""",210,"6' 9""","8' 8""",27.5,11.32,3.28,30,2000
Mark Madsen,"6' 8""","6' 9""",237,"7' 0.5""","8' 8.5""",30.5,12.12,3.46,29,2000
Primoz Brezec,"7' 0.75""","7' 1.5""",243,"7' 2""","9' 2""",26,11.53,3.55,27,2000
Ndongo N'diaye,"6' 11.5""","7' 0.25""",208,"7' 3.5""","9' 4.5""",24.5,13.16,3.69,26,2000
Donnell Harvey,"6' 7.25""",,220,"7' 0.5""","8' 9.5""",33,11.23,,22,2000
Speedy Claxton,"5' 10.5""",,166,"6' 0""","7' 10.5""",36,10.48,3.06,20,2000
Jamal Crawford,"6' 4.5""","6' 5.5""",175,"6' 10""","8' 6.5""",,,,8,2000
Kenny Satterfield,"6' 1""","6' 2.25""",176,"6' 4.5""","8' 2""",28.5,12.05,3.2,53,2001
Jarron Collins,"6' 9.25""","6' 10.5""",252,"7' 3""","8' 8""",23,11.65,3.6,52,2001
Andre Hutson,"6' 8.25""","6' 8.25""",244,"6' 11.75""","8' 9.5""",29,11.25,3.3,51,2001
Alton Ford,"6' 8.25""","6' 9""",271,"6' 10.5""","8' 6.5""",34.5,11.7,3.16,50,2001
Ruben Boumtje-Boumtje,"6' 11.5""",,245,"7' 4""","9' 3""",26.5,11.84,3.33,49,2001
Ken Johnson,"6' 10.75""","6' 11""",227,"7' 4""","9' 1.5""",32.5,11.27,3.12,48,2001
Loren Woods,"7' 0.75""","7' 1.75""",246,"7' 5.5""","9' 5""",24.5,11.83,3.48,45,2001
Sean Lampley,"6' 5.5""","6' 6.5""",213,"6' 9.25""","8' 5""",36,11.06,3.12,44,2001
Sam Clancy,"6' 6.25""","6' 7.5""",242,"7' 2.75""","8' 11""",31,11.47,3.13,44,2001
Keith Bogans,"6' 4.5""","6' 5.5""",210,"6' 9""","8' 4.5""",31.5,11.31,3.22,43,2001
Eric Chenowith,"7' 1""","7' 2""",264,"7' 4""","9' 3""",23.5,12.5,3.59,42,2001
Bobby Simmons,"6' 6.25""","6' 7.5""",235,"7' 0.25""","8' 9""",27.5,11.69,3.41,41,2001
Jamison Brewer,"6' 2.5""","6' 4""",178,"6' 8.75""","8' 6.5""",26,9.65,3.15,40,2001
Earl Watson,"6' 0""","6' 1.25""",184,"6' 6.75""","8' 1""",32.5,10.97,3.19,39,2001
Michael Wright,"6' 7""",,247,"6' 11.5""","8' 10.5""",27.5,11.37,3.21,38,2001
Damone Brown,"6' 8.25""","6' 9.5""",202,"6' 11.75""","8' 8.5""",32,11.81,3.27,36,2001
Brian Scalabrine,"6' 8.75""","6' 10.25""",241,"6' 9.75""","8' 9.5""",27,11.75,3.47,34,2001
Will Solomon,"5' 11.75""","6' 1.25""",172,"6' 9.5""","8' 3.5""",28.5,11.3,3.22,32,2001
Omar Cook,"5' 11.5""","6' 0.75""",189,"6' 5.5""","7' 8""",31,10.77,3.2,31,2001
Gilbert Arenas,"6' 2.25""",,199,"6' 9.5""","8' 3.5""",31.5,,3.25,30,2001
Trenton Hassell,"6' 4.25""","6' 5.25""",205,"6' 8""","8' 3.5""",35.5,11.57,3.29,29,2001
Jamaal Tinsley,"6' 0.75""","6' 2""",199,"6' 7.5""","8' 1.5""",28,11.96,3.2,27,2001
Brandon Armstrong,"6' 3.5""","6' 4.5""",188,"6' 9.5""","8' 3.5""",30,10.91,3.2,23,2001
Jeryl Sasser,"6' 5.5""","6' 6.75""",194,"6' 10.5""","8' 7.5""",29,11.47,3.22,22,2001
Joseph Forte,"6' 3.5""","6' 4.5""",193,"6' 6.5""","8' 4.5""",26.5,11.51,3.19,21,2001
Brendan Haywood,"6' 11.75""","7' 1.5""",266,"7' 6.5""","9' 5.5""",27,12.87,3.5,20,2001
Jason Collins,"6' 10.25""","6' 11.5""",251,"7' 4.5""","9' 2""",25.5,12.1,3.54,18,2001
Michael Bradley,"6' 9.5""","6' 11""",227,"7' 1.5""","8' 11""",27,11.11,3.35,17,2001
Kirk Haston,"6' 8""","6' 9.25""",242,"7' 0.25""","8' 10""",27,12.25,3.35,16,2001
Steven Hunter,"6' 10.25""","6' 11.25""",224,"7' 4""","9' 0""",30.5,11.99,3.15,15,2001
Troy Murphy,"6' 9.75""","6' 11""",230,"6' 11""","8' 9.5""",28.5,11.22,3.43,14,2001
Richard Jefferson,"6' 7.25""","6' 8.5""",223,"7' 0""","8' 7""",33,11.19,3.15,13,2001
Joe Johnson,"6' 6.75""","6' 8.25""",226,"6' 9""","8' 9""",32.5,12.05,3.4,10,2001
Rodney White,"6' 7.5""","6' 8.75""",243,"6' 11.5""","8' 8.5""",27.5,12.07,3.47,9,2001
DeSagana Diop,"6' 10""","6' 11.25""",314,"7' 6.5""","9' 5""",21.5,12.37,3.56,8,2001
Eddie Griffin,"6' 9.25""","6' 10.25""",222,"7' 3""","9' 2""",26.5,11.77,3.21,7,2001
Shane Battier,"6' 8.25""","6' 9.5""",229,"6' 10.5""","8' 9""",29.5,10.95,3.3,6,2001
Jason Richardson,"6' 4.75""","6' 5.75""",213,"6' 11.5""","8' 6.5""",32.5,11.75,3.12,5,2001
Eddy Curry,"6' 10.5""",,301,"7' 6.5""","9' 3""",28,12.25,3.53,4,2001
Tyson Chandler,"6' 11.5""","7' 0.5""",224,"7' 3""","9' 2""",31,12.13,3.36,2,2001
Kwame Brown,"6' 10""","6' 11.5""",243,"7' 1""","9' 0""",30,11.59,3.45,1,2001
Corsley Edwards,"6' 7.25""","6' 8.75""",285,"6' 10.75""","8' 10.5""",28.5,12.18,3.31,57,2002
Randy Holcomb,"6' 7""","6' 8.25""",225,"7' 1""","8' 9""",29.5,12.85,3.22,56,2002
Tamar Slay,"6' 6.75""","6' 7.75""",203,"6' 11.5""","8' 8""",32.5,10.94,3.09,53,2002
Rasual Butler,"6' 6.75""","6' 7.5""",198,"7' 0""","8' 9.5""",31.5,11.54,3.29,52,2002
Marcus Taylor,"6' 1""","6' 2""",181,"6' 4.5""","8' 2.5""",27.5,11.25,3.31,51,2002
Darius Songaila,"6' 8""","6' 9.5""",240,"7' 1""","9' 0.5""",24.5,11.69,3.52,49,2002
Peter Fehse,"6' 10""","6' 11""",220,"7' 0.5""","9' 1""",,,,48,2002
Chris Owens,"6' 7""","6' 8.25""",237,"6' 11.5""","8' 8""",,,,47,2002
Matt Barnes,"6' 6.75""","6' 8""",226,"6' 9""","8' 0.5""",35.5,10.68,3.28,45,2002
Lonny Baxter,"6' 6.25""","6' 7.75""",264,"7' 1.5""","8' 11.5""",28,11.77,3.21,43,2002
Jason Jennings,"6' 11.25""","7' 0.5""",249,"7' 7""","9' 3""",29,11.92,3.62,42,2002
Ronald Murray,"6' 3""","6' 4.5""",197,"6' 7.5""","8' 4.5""",31,11.13,3.16,41,2002
Mario Kasun,"6' 11.75""",,260,"6' 11.5""","9' 1""",,,,40,2002
Rod Grizzard,"6' 6""","6' 7.75""",193,"7' 0""","8' 11""",,,,38,2002
Tito Maddox,"6' 3""","6' 4.25""",200,"6' 5""","8' 3""",27,12.2,3.24,37,2002
Carlos Boozer,"6' 7.75""","6' 9.5""",258,"7' 2.25""","9' 0.5""",26.5,10.77,3.31,34,2002
Vincent Yarbrough,"6' 5.5""","6' 7""",202,"7' 0.5""","8' 8.5""",30,11.7,3.32,32,2002
Robert Archibald,"6' 10""","6' 11""",250,"6' 11.75""","9' 1.5""",24,11.34,3.33,31,2002
Steve Logan,"5' 10""","5' 11.5""",207,"5' 11.75""","7' 8.5""",,,,29,2002
John Salmons,"6' 5.5""","6' 7""",207,"6' 10.25""","8' 8""",30.5,11.35,3.25,26,2002
Frank Williams,"6' 1.5""","6' 2.75""",212,"6' 8""","8' 4.5""",26,11.73,3.29,25,2002
Qyntel Woods,"6' 7""","6' 8.5""",213,"6' 10""","8' 9""",33.5,11.94,3.23,21,2002
Kareem Rush,"6' 4.75""","6' 5.75""",199,"6' 9.75""","8' 7.5""",26,11.86,3.22,20,2002
Ryan Humphrey,"6' 6""","6' 7""",223,"7' 0""","8' 8.5""",31.5,11.75,3.2,19,2002
Curtis Borchardt,"6' 10.75""","7' 0.25""",238,"7' 2.5""","9' 4""",24,12.56,3.63,18,2002
Fred Jones,"6' 2.25""",,218,"7' 0""","8' 4""",33.5,11.12,3.13,14,2002
Marcus Haislip,"6' 8.5""","6' 9.75""",221,"7' 0""","8' 11""",33.5,11.35,3.21,13,2002
Melvin Ely,"6' 9""","6' 10""",240,"7' 4""","9' 3""",26,11.96,3.35,12,2002
Jared Jeffires,"6' 10""",,230,"7' 0.5""","9' 1""",26,11.73,3.4,11,2002
Caron Butler,"6' 5.25""","6' 6.5""",222,"6' 11.5""","8' 7.5""",27,12.15,3.33,10,2002
Amare Stoudemire,"6' 8.5""","6' 10""",233,"7' 1.75""","9' 0.5""",32,11.19,3.25,9,2002
Chris Wilcox,"6' 8.25""","6' 9.5""",218,"7' 1""","8' 11.5""",31,11.43,3.16,8,2002
Nene Hilario,"6' 9.25""","6' 10.25""",253,"7' 4.5""","9' 1""",30,10.73,3.19,7,2002
Dajuan Wagner,"6' 0.75""","6' 2""",193,"6' 2""","8' 3""",28,12.03,3.22,6,2002
Drew Gooden,"6' 8.75""","6' 10""",227,"7' 0.5""","8' 10.5""",29,11.81,3.19,4,2002
Mike Dunleavy,"6' 8""","6' 9.5""",230,"6' 9""","8' 10""",24.5,11.55,3.3,3,2002
Jay Williams,"6' 0.25""","6' 1.75""",197,"6' 3.5""","8' 1""",28.5,10.34,3.09,2,2002
Brandon Hunter,"6' 6.5""","6' 7.75""",266,"7' 2.75""","8' 9.5""",32.5,11.13,3.21,56,2003
Tommy Smith,"6' 9""","6' 10""",200,"7' 2.25""","8' 11.5""",30,11.54,3.14,53,2003
Kyle Korver,"6' 6.25""","6' 7.75""",211,"6' 9.5""","8' 6.5""",25.5,11.42,3.47,51,2003
James Jones,"6' 7.25""","6' 8.75""",218,"7' 2.5""","8' 11.5""",30.5,11.18,3.19,49,2003
James Lang,"6' 8.25""","6' 9.25""",316,"7' 6.25""","9' 2""",24.5,14.01,3.55,48,2003
Ricky Minard,"6' 3.75""","6' 4.25""",198,"6' 7.25""","8' 5.5""",27,12.19,3.21,48,2003
Maurice Williams,"6' 0.75""","6' 2""",189,"6' 5.5""","8' 2.5""",,,,47,2003
Matt Bonner,"6' 8.5""","6' 10""",242,"6' 8.75""","8' 9.5""",27,11.52,3.32,45,2003
Keith Bogans,"6' 4.25""","6' 5.75""",213,"6' 9.25""","8' 5""",29.5,11.43,3.25,43,2003
Willie Green,"6' 2.5""","6' 3.5""",201,"6' 7.25""","8' 4""",28.5,11.86,3.19,41,2003
Derrick Zimmerman,"6' 1""","6' 2.25""",190,"6' 9""","8' 2.5""",34,11.09,3.1,40,2003
Travis Hansen,"6' 4.5""","6' 5.5""",200,"6' 6.5""","8' 4.5""",31.5,10.72,3.18,37,2003
Andre Emmett,"6' 3.75""","6' 4.5""",217,"6' 9""","8' 6.5""",31,10.66,3.15,35,2003
Jerome Beasley,"6' 9""","6' 10.25""",237,"7' 0.5""","8' 11""",27,11.36,3.25,33,2003
Luke Walton,"6' 7.75""","6' 9""",235,"6' 8.5""","8' 8""",28,,,32,2003
Jason Kapono,"6' 6.5""","6' 8""",215,"6' 6.5""","8' 6""",23.5,11.04,3.38,31,2003
Josh Howard,"6' 5.25""","6' 6.5""",202,"7' 2""","8' 9.5""",33,10.89,3.09,29,2003
Sasha Vujacic,"6' 5.5""","6' 6.75""",193,"6' 5.5""","8' 5""",,,,27,2003
Brian Cook,"6' 9.5""","6' 10.75""",234,"7' 2""","9' 1""",25,11.87,3.45,24,2003
Pavel Podkolzine,"7' 3.5""","7' 5""",303,"7' 5.75""","9' 8""",19.5,13.4,3.8,21,2003
Jameer Nelson,"5' 10.25""","6' 0""",193,"6' 2""","7' 9.5""",30,10.66,3.16,20,2003
Dahntay Jones,"6' 4.75""","6' 6.25""",214,"6' 9""","8' 6.5""",30,10.91,3.11,20,2003
David West,"6' 8.25""","6' 9.25""",226,"7' 4.25""","9' 0.5""",28.5,12.18,3.43,18,2003
Troy Bell,"6' 0.25""","6' 2""",178,"6' 5""","8' 1.5""",34.5,10.89,3.06,16,2003
Luke Ridnour,"6' 1""","6' 2""",167,"6' 3""","7' 11.5""",26,11,3.28,14,2003
Nick Collison,"6' 8.75""","6' 10""",255,"7' 1.5""","9' 0""",28,11.62,3.28,12,2003
Mike Sweetney,"6' 7.25""","6' 8""",262,"7' 1""","8' 11.5""",28,12.9,3.28,9,2003
T.J. Ford,"5' 11""","6' 0.25""",162,"5' 11.5""","7' 9.5""",32.5,11.45,3.2,8,2003
Kirk Hinrich,"6' 2.75""","6' 3.75""",186,"6' 6""","8' 2.5""",29,10.98,3.1,7,2003
Chris Kaman,"6' 11.5""","7' 0.5""",252,"6' 11.75""","9' 2.5""",23.5,11.33,3.37,6,2003
Dwyane Wade,"6' 3.75""","6' 4.75""",212,"6' 10.75""","8' 6""",31.5,10.56,3.08,5,2003
Chris Bosh,"6' 10.25""","6' 11.5""",225,"7' 3.5""","9' 1""",30.5,11.8,3.3,4,2003
Carmelo Anthony,"6' 6.25""","6' 7.5""",233,"7' 0""","8' 9.5""",30.5,11.4,3.15,3,2003
Darko Milicic,"6' 11.5""","7' 0.75""",250,"7' 5""","9' 3.5""",26.5,11.3,3.36,2,2003
LeBron James,"6' 7.25""","6' 8""",245,"7' 0.25""","8' 10.25""",,,,1,2003
Rashad Wright,"6' 0.5""","6' 1.75""",190,"6' 10""","8' 2.5""",28.5,11.15,3.28,59,2004
Marcus Douthit,"6' 9.5""","6' 11""",223,"7' 4""","9' 3.5""",25.5,11.64,3.34,56,2004
Luis Flores,"6' 0.5""","6' 1.75""",202,"6' 7.5""","8' 2.5""",29,10.97,3.1,55,2004
Lawrence Roberts,"6' 7.5""","6' 9""",233,"6' 9.5""","8' 10.5""",27.5,12.52,3.3,55,2004
Rickey Paulding,"6' 2.75""","6' 4""",210,"6' 9.5""","8' 5.5""",30,11.14,3.17,54,2004
Dijon Thompson,"6' 6.5""","6' 8""",195,"6' 9.5""","8' 7.5""",33.5,11.37,3.24,54,2004
Matt Freije,"6' 8.25""","6' 9.5""",234,"7' 1""","9' 0.5""",29.5,11.15,3.25,53,2004
Romain Sato,"6' 2""","6' 3.25""",204,"6' 11""","8' 6.5""",31.5,11.27,3.18,52,2004
Mike Williams,"6' 5.5""","6' 6.5""",197,"6' 11.5""","8' 9.5""",23.5,11.59,3.42,51,2004
Ryan Gomes,"6' 6.5""","6' 7.75""",248,"7' 2""","8' 10.5""",26.5,12.49,3.24,50,2004
Sergei Lishouk,"6' 10.25""","6' 11.5""",244,"7' 0""","9' 1.5""",,,,49,2004
Ricky Minard,"6' 3.25""","6' 4.25""",198,"6' 7""","8' 5.5""",27.5,10.94,3.1,48,2004
Pape Sow,"6' 8.5""","6' 10""",233,"7' 2""","9' 0.5""",28,12.13,3.27,47,2004
Bernard Robinson,"6' 5.25""","6' 6.5""",208,"6' 10""","8' 6""",28.5,10.91,3.17,45,2004
Tim Pickett,"6' 3""","6' 4.25""",207,"6' 7.5""","8' 4.5""",,,,44,2004
Trevor Ariza,"6' 7""","6' 8.25""",201,"7' 2""","8' 11.5""",29.5,11.63,3.29,43,2004
Chris Duhon,"6' 0""","6' 1.25""",193,"6' 6.5""","8' 2""",31.5,10.45,3.14,38,2004
Antonio Burks,"6' 0""","6' 0.75""",191,"6' 6.5""","8' 0.5""",,,,36,2004
Andre Emmett,"6' 3.5""","6' 4.5""",216,"6' 9""","8' 4""",,,,35,2004
Brandon Bass,"6' 6.25""","6' 7.25""",246,"7' 2.5""","8' 10.5""",31.5,11.61,3.24,33,2004
Peter Ramos,"7' 1.75""","7' 3.25""",266,"7' 5.5""","9' 3.5""",24,12.61,3.6,32,2004
Jackson Vroman,"6' 9.25""","6' 10.75""",226,"7' 0""","8' 9.5""",29.5,10.75,3.25,31,2004
Beno Udrih,"6' 2.5""","6' 3.75""",199,"6' 4.5""","8' 2""",,,,28,2004
Tiago Splitter,"6' 10.25""","6' 11.75""",233,"7' 2""","9' 1.5""",26,11.65,3.38,28,2004
Tony Allen,"6' 3.5""","6' 4.25""",214,"6' 9""","8' 6""",31.5,10.7,3.19,25,2004
Delonte West,"6' 1.5""","6' 2.75""",183,"6' 6""","8' 3.5""",30,11.2,3.15,24,2004
Nate Robinson,"5' 7.75""","5' 9""",181,"6' 1""","7' 7.5""",35.5,10.75,2.96,21,2004
Jameer Nelson,"5' 11""","6' 0.25""",199,"6' 2.5""","7' 11""",28.5,10.95,3.14,20,2004
J.R. Smith,"6' 5.5""","6' 6.75""",227,"6' 10""","8' 8""",29,10.93,3.21,18,2004
Josh Smith,"6' 7""","6' 8.25""",221,"7' 0""","8' 10.5""",32.5,11.43,3.24,17,2004
Kirk Snyder,"6' 6""","6' 6.75""",228,"6' 9""","8' 8""",30,10.79,3.13,16,2004
Al Jefferson,"6' 8.5""","6' 9.75""",263,"7' 2.5""","9' 2""",28.5,13.08,3.29,15,2004
Kris Humphries,"6' 8.25""","6' 9.5""",238,"7' 0.5""","8' 10.5""",29.5,11.33,3.2,14,2004
Luke Jackson,"6' 6""","6' 7""",212,"6' 8.5""","8' 7""",26.5,11.1,3.24,10,2004
Andre Iguodala,"6' 5.75""","6' 6.75""",217,"6' 11""","8' 9.5""",30.5,11.17,3.18,9,2004
Luol Deng,"6' 7""","6' 8""",220,"7' 0.5""","9' 0.5""",27.5,11.46,3.34,7,2004
Josh Childress,"6' 5.75""","6' 7.25""",196,"6' 11""","8' 9""",29,11.95,3.38,6,2004
Devin Harris,"6' 1.75""","6' 3""",170,"6' 7.5""","8' 2.5""",30.5,11.03,3.19,5,2004
Shaun Livingston,"6' 6.25""","6' 7.5""",186,"6' 11""","8' 9.5""",26.5,10.72,3.23,4,2004
Ben Gordon,"6' 1""","6' 2.25""",192,"6' 8.5""","8' 3""",31.5,11.28,3.19,3,2004
Emeka Okafor,"6' 8.75""","6' 10""",257,"7' 4""","9' 2.5""",31.5,12.32,3.15,2,2004
Dwight Howard,"6' 9""","6' 10.25""",240,"7' 4.5""","9' 3.5""",30.5,11.21,3.14,1,2004
Alex Acker,"6' 3.75""","6' 4.75""",183,"7' 0""","8' 6.5""",28,11.67,3.35,60,2005
Marcin Gortat,"6' 11""","7' 0""",225,"7' 3.5""","9' 2""",29.5,11.48,3.33,57,2005
Dijon Thompson,"6' 6.25""","6' 8""",196,"6' 9.75""","8' 9.5""",,,,54,2005
Robert Whaley,"6' 8""","6' 9""",269,"7' 2""","9' 0""",28.5,12.11,3.25,51,2005
Bracey Wright,"6' 1.25""","6' 2.5""",187,"6' 10""","8' 4.5""",30,11.58,3.27,47,2005
Dee Brown,"5' 11""","6' 0""",179,"6' 2""","7' 10""",,,,46,2005
Martynas Andriuskevicius,"7' 1.25""","7' 3""",228,"6' 11.25""","9' 4.5""",24,11.94,3.42,44,2005
Chris Taft,"6' 8.5""","6' 9.5""",261,"7' 1.75""","9' 1""",28.5,11.26,3.27,42,2005
Monta Ellis,"6' 2.25""","6' 3.25""",177,"6' 2.75""","8' 2""",26.5,12.13,3.31,40,2005
Travis Diener,"5' 11.75""","6' 1""",165,"5' 11.75""","7' 9.5""",24.5,10.85,3.26,38,2005
Ronny Turiaf,"6' 8""","6' 9.25""",238,"7' 1.5""","8' 10.5""",30.5,11.5,3.23,37,2005
Ersan Ilyasova,"6' 7.75""","6' 9""",209,"7' 1.25""","9' 1.5""",22,11.59,3.56,36,2005
David Lee,"6' 7.75""","6' 9""",230,"7' 0""","8' 10.5""",30.5,10.8,3.19,30,2005
Wayne Simien,"6' 7.25""","6' 9""",256,"7' 0""","8' 11""",27,11.05,3.35,29,2005
Jason Maxiell,"6' 5""","6' 6.25""",258,"7' 3.25""","8' 11""",,,,26,2005
Luther Head,"6' 2""","6' 3""",179,"6' 5.25""","8' 2.5""",31.5,11.12,3.21,24,2005
Rudy Fer dez,"6' 4.75""","6' 6""",172,"6' 7.5""","8' 5.5""",26.5,10.48,3.33,24,2005
Francisco Garcia,"6' 5.75""","6' 7""",190,"6' 10.75""","8' 7""",27.5,10.63,3.33,23,2005
Jarrett Jack,"6' 2.5""","6' 3.5""",198,"6' 7.5""","8' 4""",26,10.87,3.24,22,2005
Julius Hodge,"6' 6""","6' 7""",202,"7' 0.5""","8' 11.5""",24.5,10.89,3.18,20,2005
Hakim Warrick,"6' 7.25""","6' 8.5""",215,"7' 2""","9' 0""",33,,3.22,19,2005
Gerald Green,"6' 6""","6' 7.25""",192,"6' 9.75""","8' 8""",31.5,11.2,3.21,18,2005
Danny Granger,"6' 7.5""","6' 8.5""",225,"7' 1.5""","8' 7""",31,10.84,3.34,17,2005
Joey Graham,"6' 5.25""","6' 6.5""",217,"6' 8""","8' 8""",30,10.62,3.05,16,2005
Antoine Wright,"6' 5.25""","6' 6.25""",203,"6' 8.75""","8' 8.5""",26.5,11.45,3.41,15,2005
Rashad McCants,"6' 2.75""","6' 4""",201,"6' 10.75""","8' 7.5""",32.5,10.39,3.11,14,2005
Sean May,"6' 7""","6' 8.5""",259,"7' 1.25""","8' 9""",30,11.04,3.29,13,2005
Brandon Rush,"6' 5""","6' 6.5""",211,"6' 11.25""","8' 8.5""",32.5,11.33,3.31,13,2005
Ike Diogu,"6' 6.5""","6' 8""",255,"7' 3.5""","9' 1""",28,11.94,3.45,9,2005
Channing Frye,"6' 9.5""","6' 10.5""",244,"7' 2.5""","9' 2.5""",27.5,11.6,3.38,8,2005
Charlie Villanueva,"6' 9""","6' 9.5""",237,"7' 0.25""","9' 1""",26,10.86,3.3,7,2005
Martell Webster,"6' 6""","6' 7.5""",230,"6' 11""","8' 10""",28,11.39,3.39,6,2005
Raymond Felton,"5' 11.5""","6' 0.25""",199,"6' 4.25""","8' 2""",29,10.5,3.06,5,2005
Chris Paul,"5' 11.75""","6' 1""",178,"6' 4.25""","7' 9""",32,11.09,3.22,4,2005
Deron Williams,"6' 1.75""","6' 2.75""",202,"6' 6.25""","8' 2""",30,10.83,3.25,3,2005
Marvin Williams,"6' 7""","6' 8.25""",228,"7' 3.5""","9' 0""",29.5,11.11,3.17,2,2005
Andrew Bogut,"6' 11""","7' 0.25""",251,"7' 3""","9' 2.5""",27.5,12.06,3.51,1,2005
Gerald Henderson,"6' 4""",,,"6' 10.75""","8' 6""",,,,64,2006
Paul Miller,"6' 8.5""","6' 9.25""",251,"7' 0""","8' 5.5""",29,12.25,3.66,62,2006
Paul Miller,"6' 9""","6' 10.25""",250,"7' 0""",,,,,62,2006
Will Blalock,"5' 11.25""","6' 0.5""",194,"6' 6""","8' 0.5""",35,11.08,3.18,60,2006
Danilo Pinnock,"6' 2.75""","6' 4""",204,"6' 7.5""","8' 4.5""",29.5,11.91,3.08,58,2006
Brad Newley,"6' 5""","6' 6.25""",198,"6' 7.25""","8' 4.5""",29,11.93,3.36,54,2006
Vernon Macklin,"6' 8.5""",,,"7' 4""","9' 1""",,,,52,2006
Aaron Gray,"7' 0""","7' 1""",280,"7' 3""","9' 1""",26.5,12.63,3.71,49,2006
Paul Millsap,"6' 6.25""","6' 7.25""",258,"7' 1.5""","8' 9.5""",28.5,11.67,3.3,47,2006
James Augustine,"6' 8.25""","6' 9.75""",227,"7' 0.25""","8' 8""",30,10.54,3.25,41,2006
Denham Brown,"6' 4""","6' 5""",218,"6' 9.5""","8' 6.5""",28,11.42,3.25,40,2006
David Noel,"6' 4.5""","6' 6""",223,"6' 9.5""","8' 4""",34.5,10.54,3.07,39,2006
David Noel,"6' 5.75""","6' 6""",228,"6' 9.5""",,,,,39,2006
Bobby Jones,"6' 5.75""","6' 6.75""",211,"6' 9.5""","8' 5.5""",28.5,11.23,3.28,37,2006
Craig Smith,"6' 5.5""","6' 6.5""",259,"6' 9.5""","8' 7.5""",30,11.59,3.4,36,2006
Marcus Williams,"6' 2""","6' 3.25""",215,"6' 7""","8' 1.5""",24.5,11.3,3.4,33,2006
Solomon Jones,"6' 9.25""","6' 10.25""",216,"7' 4.5""",,,,,33,2006
Solomon Jones,"6' 8.5""","6' 9.75""",224,"7' 4""","9' 1""",32,11.27,3.3,33,2006
Steve Novak,"6' 8""","6' 9.25""",216,"6' 9.5""","8' 7""",24.5,11.11,3.37,32,2006
Steve Novak,"6' 8.5""","6' 10""",216,"6' 9.5""",,,,,32,2006
Mardy Collins,"6' 4.25""","6' 5.5""",224,"6' 10""","8' 7""",31.5,12,3.27,29,2006
Wayne Ellington,"6' 4""",,,"6' 7.5""","8' 4""",,,,28,2006
Maurice Ager,"6' 3.25""","6' 4.5""",203,"6' 7.75""","8' 5.5""",29.5,11.73,3.22,28,2006
Jordan Farmar,"6' 0.75""","6' 2""",171,"6' 3""","7' 10.5""",33.5,11.07,3.17,26,2006
Morris Almond,"6' 4.75""","6' 6""",214,"6' 10""","8' 6.5""",31,11.45,3.19,25,2006
Renaldo Balkman,"6' 5.25""","6' 6.5""",206,"7' 1""","8' 8.5""",30.5,11.58,3.22,20,2006
Ty Lawson,"5' 11""",,,"6' 1""","7' 9.5""",,,,18,2006
Shawne Williams,"6' 7.25""","6' 8.75""",227,"7' 3""","8' 8""",32,10.69,3.3,17,2006
Rodney Carney,"6' 4.5""","6' 5.75""",204,"6' 10""","8' 7.5""",32,10.57,3.06,16,2006
Cedric Simmons,"6' 8.25""","6' 9.5""",223,"7' 4.25""","9' 0.5""",30.5,11.05,3.31,15,2006
Ronnie Brewer,"6' 5.75""","6' 6.75""",223,"6' 11.25""","8' 7.5""",35,11.32,3.14,14,2006
Thaddeus Young,"6' 7""",,,"7' 0.75""","8' 8""",,,,12,2006
Hilton Armstrong,"6' 9.5""","6' 10.25""",240,"7' 4""","9' 1""",28.5,12.28,3.53,12,2006
J.J. Redick,"6' 4""","6' 4.75""",190,"6' 3.25""","8' 1.5""",27.5,10.94,3.29,11,2006
Spencer Hawes,"6' 10.5""",,,"7' 1""","9' 1""",,,,10,2006
Saer Sene,"6' 11""","7' 0""",237,"7' 8.5""","9' 5""",28.5,12.52,3.38,10,2006
Patrick O'Bryant,"6' 11""","7' 0""",249,"7' 5.75""","9' 5""",26.5,12.68,3.63,9,2006
Brandan Wright,"6' 9""",,,"7' 4.5""","9' 0.05""",,,,8,2006
Rudy Gay,"6' 7""","6' 8""",222,"7' 3""","8' 11.20""",33,11.03,3.32,8,2006
Randy Foye,"6' 2.25""","6' 3.25""",212,"6' 6.25""","8' 1""",32,10.53,3.23,7,2006
Brandon Roy,"6' 5.25""","6' 6.25""",207,"6' 8""","8' 5""",34,11.13,3.27,6,2006
Shelden Williams,"6' 7.5""","6' 8.5""",258,"7' 4.25""","8' 8""",29,11.53,3.59,5,2006
Tyrus Thomas,"6' 7.25""","6' 8.25""",217,"7' 3""","9' 0""",34,11.36,3.2,4,2006
Adam Morrison,"6' 6.5""","6' 7.75""",198,"6' 10""","8' 9""",25.5,11.46,3.37,3,2006
LaMarcus Aldridge,"6' 10""","6' 11.25""",234,"7' 4.75""","9' 2""",26.5,12.02,3.43,2,2006
Andrea Barg i,"7' 0""","7' 1.25""",249,,"9' 2""",,,,1,2006
D.J. Strawberry,"6' 3.75""","6' 5""",199,"6' 6.5""","8' 5""",28.5,10.87,3.14,59,2007
Emir Predeldzic,,"6' 8""",200,"6' 8.75""","8' 7""",,,,57,2007
Sammy Mejia,"6' 5.5""","6' 7""",218,"6' 11""","8' 9""",27,11.87,3.49,57,2007
Ramon Sessions,"6' 2""","6' 3.75""",185,"6' 4.25""","8' 1.5""",29.5,11.65,3.27,56,2007
Herbert Hill,"6' 7.75""","6' 9.75""",232,"7' 2.25""","9' 0.5""",30.5,12.31,3.39,55,2007
Brad Newley,"6' 5.5""","6' 6.5""",201,"6' 8""","8' 6.5""",29.5,11.77,3.29,54,2007
Demetris Nichols,"6' 6.25""","6' 7.5""",211,"7' 0.25""","8' 9""",28.5,10.39,3.38,53,2007
Taurean Green,"5' 11.75""","6' 0.75""",173,"6' 2.25""","8' 0""",29,11.3,3.26,52,2007
Solomon Alabi,,"6' 10.75""",234,"7' 5.25""","9' 1""",,,,50,2007
Renaldas Seibutis,"6' 4.75""","6' 5.75""",185,"6' 8.75""","8' 5""",24,11.33,3.39,50,2007
Aaron Gray,"7' 0""","7' 1.75""",271,"7' 3.25""","9' 0.5""",27,12.07,3.7,49,2007
Dominic McGuire,"6' 7.75""","6' 8.25""",220,"6' 10.5""","8' 8""",28.5,10.95,3.25,47,2007
Stephane Lasme,"6' 5.5""","6' 7""",213,"7' 2""","8' 11""",29.5,11.73,3.22,46,2007
Jared Jordan,"6' 0""","6' 1.75""",183,"6' 0""","7' 10""",14.5,11.02,3.39,45,2007
Reyshawn Terry,"6' 6.75""","6' 7.5""",222,"6' 10""","8' 7.5""",31,11.76,3.26,44,2007
Sean Singletary,"5' 11""","6' 0""",180,"6' 4.25""","7' 10""",,,,42,2007
Chris Richard,"6' 7.5""","6' 8.75""",252,"7' 4.5""","9' 2.5""",26.5,11.39,3.29,41,2007
Sun Yue,"6' 7.75""","6' 8.75""",212,"6' 9""","8' 9""",29,10.68,3.45,40,2007
Josh McRoberts,"6' 8.75""","6' 10""",240,"7' 1""","8' 10.5""",27.5,11.7,3.47,37,2007
Jermareo Davidson,"6' 9.5""","6' 11""",230,"7' 4""","9' 1.5""",27,12.63,3.53,36,2007
Glen Davis,"6' 7.75""","6' 9""",298,,,,,,35,2007
Kyle Singler,,"6' 9""",,"6' 10""","9' 0""",,,,33,2007
Carl Landry,"6' 7.75""","6' 8.5""",248,"6' 11""","8' 6.5""",31.5,11.35,3.29,31,2007
Petteri Koponen,,"6' 3.75""",194,"6' 5.5""","8' 1""",,,,30,2007
Donte Greene,,"6' 10""",,"6' 10""","9' 1""",,,,28,2007
Aaron Brooks,"5' 10.5""","5' 11.75""",161,"6' 4""","7' 10""",32.5,10.57,3.2,26,2007
Nicolas Batum,,"6' 7.75""",214,"7' 0.75""","8' 8.75""",,,,25,2007
Omri Casspi,,"6' 7""",206,"6' 9.75""","8' 6.5""",,,,23,2007
Jared Dudley,"6' 5.75""","6' 7.25""",219,"6' 7""","8' 6""",28,11.32,3.45,22,2007
Daequan Cook,"6' 3.75""","6' 5.75""",203,"6' 8.25""","8' 5.5""",30,11.12,3.22,21,2007
Nolan Smith,,"6' 3""",,"6' 6""","8' 4""",,,,21,2007
Alexis Ajinca,,"7' 0.75""",207,"7' 8.75""","9' 4""",,,,20,2007
Jason Smith,"6' 10.75""","6' 11.5""",233,"6' 10.75""","8' 10""",33.5,10.96,3.29,20,2007
Javaris Crittenton,"6' 3""","6' 4.75""",194,"6' 5.5""","8' 2""",32.5,11.6,3.32,19,2007
Nick Young,"6' 5""","6' 6.75""",206,"7' 0""","8' 4.5""",39.5,11,3.25,16,2007
Rodney Stuckey,"6' 3.75""","6' 4.5""",207,"6' 7.25""","8' 4.5""",30.5,11.34,3.11,15,2007
Patrick Patterson,,"6' 8.5""",,"7' 2""","9' 2""",,,,14,2007
Al Thornton,"6' 5.75""","6' 7""",221,"7' 1""","8' 8""",35,11.96,3.16,14,2007
Julian Wright,"6' 6.5""","6' 8.5""",211,"7' 2.25""","9' 0""",28.5,11.48,3.36,13,2007
Thaddeus Young,"6' 5.75""","6' 7.5""",210,"6' 11.5""","8' 10""",34.5,11.06,3.19,12,2007
Jerryd Bayless,,"6' 3.5""",,"6' 3""","8' 4""",,,,11,2007
Acie Law,"6' 2""","6' 3.5""",186,"6' 6.5""","8' 2""",29,11,3.22,11,2007
Spencer Hawes,"6' 10.5""","7' 0.75""",244,"7' 0.5""","9' 2""",26,11.88,3.51,10,2007
Joakim Noah,"6' 10.5""","7' 0""",223,"7' 1.25""","8' 10.5""",32.5,11.79,3.47,9,2007
Brandan Wright,"6' 8.75""","6' 10""",200,"7' 3.75""","9' 0.5""",30.5,11.76,3.31,8,2007
Corey Brewer,"6' 6.75""","6' 7.75""",185,"6' 8.25""","8' 7""",30.5,11.69,3.22,7,2007
Jonny Flynn,,"6' 0""",,"6' 2.5""","7' 11""",,,,6,2007
Yi Jianlian,"6' 11""","7' 0.25""",246,"7' 3.5""",,,,,6,2007
Jeff Green,"6' 7.75""","6' 9.5""",228,"7' 1.25""","8' 7""",33.5,12,3.34,5,2007
Mike Conley Jr,"5' 11.75""","6' 0.75""",175,"6' 5.75""","7' 10.5""",35.5,11.63,3.09,4,2007
O.J. Mayo,,"6' 5""",,"6' 6""","8' 4""",,,,3,2007
Al Horford,"6' 8.75""","6' 9.75""",246,"7' 0.75""","8' 11""",31,12.15,3.37,3,2007
Michael Beasley,,"6' 9""",,"7' 0""","9' 1""",,,,2,2007
Kevin Durant,"6' 9""","6' 10.25""",215,"7' 4.75""","9' 2""",26,12.33,3.45,2,2007
Greg Oden,"6' 11""","7' 0""",257,"7' 4.25""","9' 4""",32,11.67,3.27,1,2007
Deron Washington,"6' 5.25""","6' 6.25""",199,"6' 9""","8' 6.5""",34,11.03,3.09,59,2008
Lester Hudson,"5' 11.75""","6' 1""",196,"6' 8.75""","8' 2.5""",30.5,11.15,3.16,58,2008
Joe Crawford,"6' 3""","6' 4""",213,"6' 5.75""","8' 3.5""",31,11.67,3.22,58,2008
James Gist,"6' 7""","6' 8.5""",220,"7' 4""","8' 11.5""",30.5,11.37,3.14,57,2008
Sasha Kaun,"6' 9""","6' 10.75""",247,"7' 6""","9' 2""",29,12.06,3.2,56,2008
Mike Taylor,"6' 0.75""","6' 2""",166,"6' 7.25""","8' 2""",31,10.98,3.08,55,2008
Maarty Leunen,"6' 7.25""","6' 8.5""",222,"6' 8""","8' 6.75""",29.5,11.57,3.36,54,2008
Robert Vaden,"6' 3.5""","6' 4.5""",199,"6' 8""","8' 5""",26,11.97,3.4,54,2008
Darnell Jackson,"6' 7""","6' 7.75""",241,"6' 11.25""","8' 10.5""",27,11.75,3.26,52,2008
Shan Foster,"6' 4""","6' 5.25""",195,"6' 11.5""","8' 8.5""",30,12.3,3.24,51,2008
DeVon Hardin,"6' 9.5""","6' 10.75""",235,"7' 3""","9' 1.5""",29.5,11.49,3.33,50,2008
Richard Hendrix,"6' 6.75""","6' 7.75""",250,"7' 3""","9' 0""",26.5,10.62,3.27,49,2008
Malik Hairston,"6' 4.25""","6' 5.25""",204,"6' 9""","8' 7.5""",30.5,11.33,3.08,48,2008
Danny Green,"6' 4.5""","6' 6""",207,"6' 10""","8' 4.5""",,,,46,2008
Trent Plaisted,"6' 9.25""","6' 10.25""",240,"6' 10.5""","8' 9.5""",30.5,11.32,3.17,46,2008
Patrick Ewing-Jr,"6' 6""","6' 7.25""",224,"7' 0.25""","8' 1.5""",35,11.77,3.43,43,2008
Sean Singletary,"5' 11""","6' 0""",184,"6' 4.5""","7' 11""",26,,,42,2008
Sonny Weems,"6' 4""","6' 5.5""",193,"6' 10""","8' 8""",29,10.58,2.96,39,2008
Luc Richard Mbah a Moute,"6' 5.75""","6' 7.5""",221,"7' 0.5""","8' 7.5""",32,11.71,3.17,37,2008
DeAndre Jordan,"6' 9.75""","6' 11""",250,"7' 6""","9' 5.5""",26,12.3,3.27,35,2008
Joey Dorsey,"6' 6.25""","6' 7.25""",265,"7' 1.75""","8' 11""",27.5,11.84,3.2,33,2008
J.R. Giddens,"6' 4""","6' 4.75""",208,"6' 11.25""","8' 8""",,,,30,2008
Wayne Ellington,"6' 3.75""","6' 4.75""",194,"6' 7""","8' 5.5""",28,12.05,3.2,28,2008
Donte Greene,"6' 8.25""","6' 9""",221,"6' 10""","9' 0""",27.5,11.21,3.2,28,2008
Darrell Arthur,"6' 7.5""","6' 8.5""",216,"6' 10.75""","8' 11""",28.5,12.18,3.14,27,2008
George Hill,"6' 1.25""","6' 2.5""",181,"6' 9""","8' 1.5""",34,12.2,3.07,26,2008
Ty Lawson,"5' 10.75""","5' 11.75""",195,"6' 1""","7' 9.5""",28.5,,,18,2008
JaVale McGee,"6' 11""","7' 0""",241,"7' 6""","9' 6.5""",27,12.75,3.25,18,2008
Anthony Randolph,"6' 9""","6' 10.25""",197,"7' 3""","9' 1""",29,11.86,3.26,14,2008
Jerryd Bayless,"6' 1.75""","6' 3""",204,"6' 3.5""","8' 1""",31,11.26,3.07,11,2008
Brook Lopez,"6' 11.25""","7' 0.5""",256,"7' 5.5""","9' 5""",27.5,12.77,3.57,10,2008
D.J. Augustin,"5' 10""","5' 11.5""",172,"6' 3.5""","7' 10.5""",28.5,11.27,3.07,9,2008
Joe Alexander,"6' 7.25""","6' 8.25""",220,"6' 11.5""","8' 10""",32.5,11.33,2.99,8,2008
Eric Gordon,"6' 2""","6' 3.25""",222,"6' 9""","8' 3""",32,10.81,3.01,7,2008
Kevin Love,"6' 7.75""","6' 9.5""",255,"6' 11.25""","8' 10""",29.5,11.17,3.22,5,2008
Russell Westbrook,"6' 2.25""","6' 3.5""",192,"6' 7.75""","8' 4""",30,10.98,3.08,4,2008
O.J. Mayo,"6' 3.25""","6' 4.25""",200,"6' 6""","8' 3.5""",30.5,11.04,3.14,3,2008
Michael Beasley,"6' 7""","6' 8.25""",239,"7' 0.25""","8' 11""",30,11.06,3.24,2,2008
Derrick Rose,"6' 1.5""","6' 2.5""",196,"6' 8""","8' 2.5""",34.5,11.69,3.05,1,2008
Dionte Christmas,"6' 4.25""","6' 5.5""",211,"6' 9""","8' 6.5""",27,10.83,3.21,59,2009
Jack McClinton,"5' 11.75""","6' 0.75""",185,"6' 2.5""","8' 0""",30,10.44,3.21,58,2009
Jeff Pendergraph,"6' 8.75""","6' 10""",240,"7' 1""","8' 11""",31,11.98,3.14,57,2009
Luke Harangody,"6' 6.25""","6' 8""",240,"6' 9.75""","8' 10""",27,11.15,3.33,56,2009
Taj Gibson,"6' 8.5""","6' 9.75""",214,"7' 4""","9' 1""",25.5,11.56,3.41,53,2009
Joe Ingles,"6' 7.75""","6' 8.25""",209,"6' 10.25""","8' 9""",26,10.66,3.3,52,2009
Greivis Vasquez,"6' 4.75""","6' 6""",197,"6' 7.25""","8' 5""",24.5,11.13,3.48,50,2009
Josh Heytvelt,"6' 10""","6' 11""",246,"7' 1.25""","9' 0""",28.5,11.67,3.38,50,2009
Jerel McNeal,"6' 1.5""","6' 3""",190,"6' 7.25""","8' 3.5""",31.5,10.61,3.25,46,2009
Danny Green,"6' 5.25""","6' 6.5""",208,"6' 10""","8' 7""",29,11.3,3.3,46,2009
Jodie Meeks,"6' 3""","6' 4""",211,"6' 4.5""","8' 2""",28.5,10.96,3.1,44,2009
A.J. Price,"6' 0.5""","6' 2""",193,"6' 3.75""","8' 1""",26,10.99,3.22,43,2009
Derrick Brown,"6' 7.5""","6' 8.5""",225,"7' 2.5""","8' 11.5""",30.5,11.26,3.13,41,2009
Rodrigue Beaubois,"6' 1.25""","6' 2.25""",182,"6' 9.75""","8' 4""",29.5,10.49,3.15,39,2009
Omri Casspi,"6' 7.75""","6' 9.25""",211,"6' 9.25""","8' 10.5""",25.5,11.15,3.28,37,2009
Toney Douglas,"6' 1""","6' 2""",183,"6' 6""","8' 1.5""",28,10.63,3.03,36,2009
Dante Cunningham,"6' 7""","6' 8.25""",227,"6' 11""","8' 10.5""",28,11.18,3.26,33,2009
Jermaine Taylor,"6' 3.5""","6' 4.75""",207,"6' 8.75""","8' 5""",34,11.54,3.32,32,2009
Gani Lawal,"6' 7.75""","6' 9""",229,"7' 0""","8' 10""",30,11.93,3.34,31,2009
DaJuan Summers,"6' 7.25""","6' 8.5""",243,"7' 0.75""","8' 10.5""",29.5,10.94,3.17,31,2009
Patrick Mills,"5' 11.25""","6' 0.5""",175,"6' 2""","7' 11""",27.5,10.87,3.1,30,2009
Wayne Ellington,"6' 4.25""","6' 5.25""",202,"6' 6.5""","8' 4""",31.5,11.14,3.2,28,2009
Darren Collison,"6' 0.25""","6' 1.5""",166,"6' 3""","8' 0.5""",30.5,10.45,3.1,27,2009
Demarre Carroll,"6' 6.25""","6' 7.75""",207,"6' 10""","8' 9""",,,,27,2009
Marcus Thornton,"6' 2.75""","6' 3.75""",194,"6' 5""","8' 3""",31,10.73,3.28,26,2009
Sam Young,"6' 5.25""","6' 6.75""",223,"6' 10.75""","8' 9.5""",27.5,11.47,3.45,25,2009
Chase Budinger,"6' 6.25""","6' 7""",206,"6' 7""","8' 5""",29.5,11.08,3.24,24,2009
Tyler Hansbrough,"6' 8.25""","6' 9.5""",234,"6' 11.5""","8' 10""",27.5,11.12,3.27,22,2009
B.J. Mullens,"6' 11.75""","7' 1.25""",258,"7' 1.5""","9' 3""",28.5,11.1,3.45,21,2009
Jeff Teague,"6' 0.25""","6' 1.5""",175,"6' 7.5""","8' 2.5""",30.5,11.05,3.18,20,2009
Eric Maynor,"6' 2.25""","6' 3.25""",164,"6' 2.5""","8' 1""",28.5,10.78,3.19,19,2009
James Johnson,"6' 7""","6' 7.75""",257,"7' 0.75""","8' 9.5""",30.5,11.21,3.23,18,2009
Ty Lawson,"5' 11.25""","6' 0.5""",197,"6' 0.75""","7' 10.5""",29,10.98,3.12,18,2009
Damion James,"6' 6.25""","6' 7.5""",224,"7' 0.75""","8' 10""",30,11.23,3.09,16,2009
Terrence Williams,"6' 5""","6' 6.25""",213,"6' 9""","8' 7.5""",30.5,11.15,3.18,16,2009
Austin Daye,"6' 9.75""","6' 10.75""",192,"7' 2.75""","9' 2""",25,12.11,3.55,15,2009
Earl Clark,"6' 8.5""","6' 10.25""",228,"7' 2.5""","9' 1.5""",28.5,11.17,3.35,14,2009
Jrue Holiday,"6' 3.25""","6' 4.25""",199,"6' 7""","8' 4.5""",28.5,10.64,3.21,13,2009
Gerald Henderson,"6' 4""","6' 5""",215,"6' 10.25""","8' 6.5""",31.5,11.17,3.14,12,2009
Dejuan Blair,"6' 5.25""","6' 6.5""",277,"7' 2""","8' 10.5""",26,11.5,3.45,11,2009
Jonny Flynn,"5' 11.25""","6' 0.75""",196,"6' 4""","7' 11.5""",33,10.86,3.23,10,2009
Demar Derozan,"6' 5.5""","6' 6.5""",211,"6' 9""","8' 6.5""",29,11.88,3.31,9,2009
Stephen Curry,"6' 2""","6' 3.25""",181,"6' 3.5""","8' 1""",29.5,11.07,3.28,8,2009
Tyreke Evans,"6' 4""","6' 5.25""",221,"6' 11.25""","8' 8""",28.5,11.81,3.17,6,2009
Jordan Hill,"6' 9.25""","6' 10.25""",232,"7' 1.5""","9' 0""",31,12.23,3.3,5,2009
James Harden,"6' 4""","6' 5.25""",222,"6' 10.75""","8' 7.5""",31.5,11.1,3.13,3,2009
Hasheem Thabeet,"7' 1.25""","7' 2.5""",267,"7' 6.25""","9' 5""",,,,2,2009
Blake Griffin,"6' 8.5""","6' 10""",248,"6' 11.25""","8' 9""",32,10.95,3.28,1,2009
Derrick Caracter,"6' 8.25""","6' 9.5""",280,"7' 0.25""","8' 11.25""",25,12.78,3.61,60,2010
Lance Stephenson,"6' 4.5""","6' 5.75""",227,"6' 10.5""","8' 7""",27,11.39,3.38,58,2010
Luke Harangody,"6' 6""","6' 7.75""",240,"6' 9.5""","8' 10""",24,11.83,3.41,56,2010
Mikhail Torrance,"6' 4""",,207,"6' 6.75""","8' 5.75""",23,11.43,3.17,52,2010
Mikhail Torrance,"6' 4""","6' 5""",209,"6' 7.5""","8' 7""",23,11.43,3.17,52,2010
Greivis Vasquez,"6' 5""","6' 6.5""",211,"6' 7""","8' 5""",,,,50,2010
Ryan Richards,"6' 10.5""","6' 11.75""",230,"7' 1.5""","9' 2""",25,11.33,3.37,49,2010
Dexter Pittman,"6' 9.5""","6' 11.5""",303,"7' 6""","9' 3""",,,,48,2010
Keith Gallon,"6' 8.5""","6' 9.5""",302,"7' 4.5""","9' 1.5""",23.5,13.44,3.7,47,2010
Charles Garcia,"6' 8.25""","6' 9.25""",232,"7' 1.75""","8' 11.5""",24.5,11.65,3.23,47,2010
Sherron Collins,"5' 10.25""","5' 11.75""",217,"6' 2.5""","7' 10""",27.5,12.31,3.24,46,2010
Trevor Booker,"6' 6.25""","6' 7.5""",236,"6' 9.75""","8' 10""",31,11.15,3.1,44,2010
Sylven Landesberg,"6' 4.75""","6' 6.25""",210,"6' 9""","8' 4.5""",28,11.59,3.36,43,2010
Jerome Jordan,"6' 11.5""","7' 0.75""",244,"7' 5.25""","9' 5""",,,,42,2010
Jarvis Varnado,"6' 8.25""","6' 10""",210,"7' 3.5""","9' 1.5""",29.5,11.61,3.37,41,2010
Craig Brackins,"6' 8.5""","6' 9.75""",229,"7' 0""","9' 1""",26,11.65,3.39,39,2010
Andy Rautins,"6' 4.25""","6' 5""",192,"6' 7""","8' 4""",23.5,11.27,3.49,38,2010
Darington Hobson,"6' 5.25""","6' 6.5""",204,"6' 9.25""","8' 8.5""",29,11.68,3.25,38,2010
Armon Johnson,"6' 2""","6' 3.25""",195,"6' 8""","8' 3.5""",31.5,11.25,3.19,37,2010
Artsiom Parakhouski,"6' 10.25""","6' 11.75""",268,"7' 1""","9' 1.5""",25.5,12.07,3.33,36,2010
Terrico White,"6' 3.75""","6' 5""",203,"6' 9""","8' 5""",31,11.38,3.15,35,2010
Dominique Jones,"6' 3.25""","6' 5""",216,"6' 9.25""","8' 5""",26,10.88,3.31,34,2010
Jordan Crawford,"6' 3""","6' 4.5""",198,"6' 7""","8' 5""",31.5,11.03,3.37,32,2010
Gani Lawal,"6' 7.5""","6' 9""",233,"7' 0""","8' 11.5""",27,11.61,3.24,31,2010
Devin Ebanks,"6' 7""","6' 8.25""",208,"7' 0.25""","8' 11.5""",23.5,11.69,3.44,30,2010
Lazar Hayward,"6' 4.5""","6' 5.75""",226,"7' 0.75""","8' 6""",31,10.87,3.31,30,2010
Avery Bradley,"6' 2""","6' 3.25""",180,"6' 7.25""","8' 2.5""",31.5,11.47,3.14,28,2010
Willie Warren,"6' 2.5""","6' 3.75""",208,"6' 6""","8' 3.5""",23,11.21,3.5,27,2010
Eric Bledsoe,"6' 0.25""","6' 1.5""",192,"6' 7.5""","8' 2""",,,,25,2010
Paul George,"6' 7.75""","6' 8.75""",214,"6' 11.25""","8' 11""",,,,23,2010
Larry Sanders,"6' 9.25""","6' 10.5""",222,"7' 5.75""","9' 4""",25.5,12.49,3.27,22,2010
Solomon Alabi,"6' 11.5""","7' 0.75""",237,"7' 5""","9' 5""",22.5,13.2,3.68,21,2010
Luke Babbitt,"6' 7.5""","6' 8.75""",218,"6' 11.25""","8' 8.5""",29.5,10.98,3.4,20,2010
Stanley Robinson,"6' 6.5""","6' 7.75""",213,"7' 0""","8' 11.5""",,11.65,3.23,19,2010
Gordon Hayward,"6' 6.75""","6' 8""",211,"6' 7.75""","8' 7""",30.5,11.73,3.22,18,2010
James Anderson,"6' 4.75""","6' 5.75""",208,"6' 8.5""","8' 8""",30,11.86,3.19,17,2010
Damion James,"6' 6.25""","6' 7.75""",227,"7' 0.75""","8' 11""",29,10.89,3.2,16,2010
Xavier Henry,"6' 5.25""","6' 6.5""",210,"6' 11.25""","8' 9""",28.5,11.1,3.18,15,2010
Hassan Whiteside,"6' 10.5""","6' 11.5""",227,"7' 7""","9' 5""",27,11.83,3.54,14,2010
Daniel Orton,"6' 8.75""","6' 9.5""",269,"7' 4.25""","9' 2.5""",24,12.32,3.39,13,2010
Patrick Patterson,"6' 8""","6' 9.25""",240,"7' 1.25""","8' 11""",28.5,11.14,3.25,11,2010
Ed Davis,"6' 9""","6' 9.75""",227,"7' 0""","9' 0""",31,11.7,3.21,10,2010
Greg Monroe,"6' 9.75""","6' 11""",247,"7' 2.25""","9' 0.5""",25,12.1,3.35,9,2010
Ekpe Udoh,"6' 8.75""","6' 9.75""",237,"7' 4.5""","8' 10.5""",31,11.15,3.29,8,2010
Cole Aldrich,"6' 9""","6' 11.25""",236,"7' 4.75""","9' 3.5""",23,11.48,3.35,7,2010
Wesley Johnson,"6' 6.25""","6' 7.25""",206,"7' 1""","8' 10""",32,11.43,3.14,6,2010
Al-Farouq Aminu,"6' 7.25""","6' 8.5""",216,"7' 3.25""","9' 0.5""",27,11.29,3.3,5,2010
DeMarcus Cousins,"6' 9.5""","6' 10.75""",292,"7' 5.75""","9' 5""",23.5,11.4,3.55,4,2010
Derrick Favors,"6' 8.75""","6' 10.25""",245,"7' 4""","9' 2""",31.5,11.74,3.25,3,2010
Evan Turner,"6' 5.75""","6' 7""",214,"6' 8""","8' 7.5""",27.5,11.06,3.27,2,2010
John Wall,"6' 2.75""","6' 4""",196,"6' 9.25""","8' 5.5""",30,10.84,3.14,1,2010
Isaiah Thomas,"5' 8.75""","5' 10.25""",186,"6' 1.75""","7' 7.5""",31.5,10.49,3.14,60,2011
Gregory Smith,"6' 8""","6' 9.25""",253,"7' 2.5""","8' 10.5""",29.5,12.43,3.36,59,2011
Michael Dunigan,"6' 8.5""","6' 10""",238,"7' 3.25""","8' 11.5""",29.5,11.85,3.27,58,2011
Malcolm Thomas,"6' 7.5""","6' 8.75""",223,"7' 0.5""","8' 11.5""",32,11.31,3.29,57,2011
Chandler Parsons,"6' 8.75""","6' 9.75""",221,"6' 9.5""","8' 8.5""",25.5,11.05,3.29,56,2011
David Lighty,"6' 4.75""","6' 6.5""",216,"6' 8""","8' 5""",28.5,10.81,3.25,55,2011
Scotty Hopson,"6' 5.75""","6' 6.5""",205,"6' 10.5""","8' 7.5""",32.5,10.47,3.18,55,2011
DeAndre Liggins,"6' 5""","6' 6.25""",202,"6' 11""","8' 7.5""",27,,3.33,53,2011
Demetri McCamey,"6' 1.75""","6' 3.25""",204,"6' 6.25""","8' 3.5""",27,11.55,3.19,52,2011
Jon Diebler,"6' 5.25""","6' 6.5""",197,"6' 6""","8' 3""",28,10.94,3.37,51,2011
Marshon Brooks,"6' 4.25""","6' 5.25""",195,"7' 1""","8' 5""",34,10.74,3.09,51,2011
Jon Leuer,"6' 10""","6' 11.5""",223,"7' 0""","8' 9.5""",29.5,10.82,3.36,46,2011
Andrew Goudelock,"6' 1.25""","6' 2.75""",198,"6' 4.25""","8' 0.5""",32.5,10.33,3.1,46,2011
Jordan Williams,"6' 7.75""","6' 9""",247,"7' 0.25""","8' 10.5""",25,12.74,3.45,45,2011
Norris Cole,"6' 0.25""","6' 1.75""",174,"6' 2.25""","7' 11.5""",29.5,10.07,3.22,43,2011
Malcolm Lee,"6' 4""","6' 5.5""",198,"6' 9.75""","8' 5.5""",30,11.2,3.09,42,2011
Shelvin Mack,"6' 1""","6' 2.5""",209,"6' 7.5""","8' 0.5""",32,11.23,3.18,41,2011
E'Twaun Moore,"6' 2.5""","6' 4""",191,"6' 9.5""","8' 3.5""",32,11.12,3.31,40,2011
Jeremy Tyler,"6' 9""","6' 10.5""",262,"7' 5""","9' 2.5""",28,11.26,3.29,39,2011
Keith Benson,"6' 10""","6' 11""",217,"7' 3.75""","9' 1.5""",31.5,11.88,3.35,38,2011
Nikola Vucevic,"6' 10.25""","6' 11.75""",260,"7' 4.5""","9' 4.5""",23.5,12.02,3.27,37,2011
JaJuan Johnson,"6' 9""","6' 10""",220,"7' 2""","8' 11.5""",33.5,11.21,3.14,36,2011
Trey Thompkins,"6' 8.5""","6' 9.75""",239,"7' 1""","8' 11.5""",27.5,11.72,3.41,34,2011
Jereme Richmond,"6' 6""","6' 7.25""",207,"6' 10.25""","8' 10.5""",27,11.74,3.02,33,2011
Iman Shumpert,"6' 4.25""","6' 5.5""",222,"6' 9.5""","8' 3.5""",36.5,11.1,3.18,32,2011
Charles Jenkins,"6' 1.5""","6' 3.25""",216,"6' 7.5""","8' 0.5""",29.5,11.68,3.18,31,2011
Jimmy Butler,"6' 6""","6' 7.75""",222,"6' 7.5""","8' 5.5""",32,11.92,3.15,30,2011
Nolan Smith,"6' 1.5""","6' 3.5""",188,"6' 5.5""","8' 3""",28.5,11.05,3.17,30,2011
Cory Joseph,"6' 2""","6' 3.25""",186,"6' 5.5""","8' 3""",27.5,10.75,3.27,29,2011
Darius Morris,"6' 3.25""","6' 5.25""",190,"6' 7.5""","8' 6""",24.5,11,3.2,29,2011
Justin Harper,"6' 8""","6' 8.75""",228,"6' 11.75""","8' 10""",28.5,11.92,3.3,28,2011
Josh Selby,"6' 1.75""","6' 3""",195,"6' 5.25""","8' 2""",29.5,11.13,3.2,27,2011
Tyler Honeycutt,"6' 6.75""","6' 8.25""",187,"6' 9""","8' 9""",30,11.68,3.07,26,2011
Travis Leslie,"6' 3""","6' 4.25""",205,"6' 10.5""","8' 7""",33,11,3.13,25,2011
Kyle Singler,"6' 7.5""","6' 8.5""",228,"6' 10.10""","8' 10""",23,11.22,3.21,24,2011
James Fredette,"6' 0.75""","6' 2.5""",196,"6' 4.5""","8' 0.5""",28,10.42,3.21,20,2011
Chris Singleton,"6' 7.75""","6' 9""",230,"7' 1""","8' 7.5""",30.5,11.33,3.09,19,2011
Jordan Hamilton,"6' 6.75""","6' 8.5""",228,"6' 9.5""","8' 8""",25,11.47,3.3,18,2011
Kenneth Faried,"6' 6""","6' 7.5""",225,"7' 0""","9' 0""",30.5,11.35,3.26,17,2011
Tristan Thompson,"6' 7.5""","6' 8.75""",227,"7' 1.25""","9' 0.5""",30,10.92,3.26,16,2011
Klay Thompson,"6' 5.75""","6' 7.25""",206,"6' 9""","8' 7.5""",26.5,10.99,3.24,15,2011
Tobias Harris,"6' 6.5""","6' 7.75""",223,"6' 11""","8' 7.5""",31.5,10.96,3.17,14,2011
Markieff Morris,"6' 7.75""","6' 9.25""",241,"6' 10.75""","8' 10.5""",27,,3.4,13,2011
Alec Burks,"6' 5""","6' 6""",193,"6' 10""","8' 7.5""",29,10.96,3.17,12,2011
Kawhi Leonard,"6' 6""","6' 7""",227,"7' 3""","8' 10""",25.5,11.45,3.15,11,2011
Marcus Morris,"6' 7""","6' 8.75""",230,"6' 10""","8' 9.5""",29,,3.15,10,2011
Enes Kanter,"6' 9.75""","6' 11.25""",259,"7' 1.5""","9' 1.5""",26,11.3,3.26,8,2011
Kemba Walker,"5' 11.5""","6' 1""",184,"6' 3.5""","7' 7.5""",32,10.87,3.16,5,2011
Brandon Knight,"6' 1.5""","6' 3.25""",177,"6' 6.75""","8' 2.5""",29,10.74,3.07,3,2011
Derrick Williams,"6' 7.25""","6' 8.75""",248,"7' 1.5""","9' 0""",29,11.03,3.23,2,2011
Marcus Denmon,"6' 2.25""","6' 3.25""",188,"6' 5""","7' 10.5""",33.5,10.82,3.19,59,2012
Robbie Hummel,"6' 7.25""","6' 8.5""",218,"6' 8.5""","8' 6""",27.5,11.56,3.41,58,2012
Darius Johnson-Odom,"6' 1.5""","6' 3""",212,"6' 7""","8' 0""",33.5,10.76,3.21,55,2012
Kris Joseph,"6' 6""","6' 7""",215,"6' 11""","8' 8""",28.5,,3.46,51,2012
Kyle O'Quinn,"6' 8.5""","6' 10""",241,"7' 4.75""","8' 10.5""",31.5,11.65,3.53,49,2012
Kevin Murphy,"6' 5""","6' 6.25""",194,"6' 6.75""","8' 3""",31,10.97,3.42,47,2012
Darius Miller,"6' 6""","6' 7.5""",233,"6' 9""","8' 5""",33,11.34,3.31,46,2012
Kim English,"6' 4.5""","6' 5.75""",192,"6' 6.5""","8' 2""",29,10.59,3.33,44,2012
Mike Scott,"6' 7.25""","6' 8.75""",241,"6' 10.75""","8' 8""",27,11.59,3.44,43,2012
Jeff Taylor,"6' 6""","6' 7.25""",213,"6' 6.25""","8' 5.5""",33.5,10.87,3.29,42,2012
Doron Lamb,"6' 3.25""","6' 4.75""",199,"6' 6.75""","8' 2.5""",29,11.12,3.41,42,2012
Tyshawn Taylor,"6' 2.75""","6' 4""",177,"6' 6.25""","8' 1.5""",32,11.48,3.2,41,2012
Will Barton,"6' 5""","6' 6""",174,"6' 9.75""","8' 6.5""",30,12.5,3.6,40,2012
Khris Middleton,"6' 6.75""","6' 8.25""",216,"6' 10.75""","8' 7""",28,11.45,3.47,39,2012
Quincy Miller,"6' 8.75""","6' 10""",219,"7' 1.25""","8' 9""",30.5,11.05,3.48,38,2012
Quincy Acy,"6' 6.5""","6' 7.75""",224,"7' 2.75""","8' 10.5""",32,10.48,3.28,37,2012
Orlando Johnson,"6' 3.75""","6' 5.25""",224,"6' 11.25""","8' 3""",32,10.98,3.25,36,2012
Draymond Green,"6' 5.75""","6' 7.5""",236,"7' 1.25""","8' 9""",28,11.01,3.4,35,2012
Jae Crowder,"6' 4.75""","6' 6.5""",241,"6' 9.25""","8' 3.5""",31,11.45,3.37,34,2012
Bernard James,"6' 8.75""","6' 10""",230,"7' 3""","9' 0.5""",30,11.84,3.4,33,2012
Tomas Satoransky,"6' 6.5""","6' 7.5""",201,"6' 7.25""","8' 4""",,,,32,2012
Festus Ezeli,"6' 9.75""","6' 11.5""",264,"7' 5.75""","9' 0""",34,12.35,3.29,30,2012
Marquis Teague,"6' 1""","6' 2""",180,"6' 7.25""","8' 0.5""",32.5,10.65,3.19,29,2012
Perry Jones,"6' 10.25""","6' 11.25""",234,"7' 1.75""","8' 11""",33,11.31,3.19,28,2012
Arnett Moultrie,"6' 9.5""","6' 10.75""",233,"7' 2.25""","8' 10.5""",33.5,11.32,3.22,27,2012
Miles Plumlee,"6' 10.5""","6' 11.75""",252,"7' 0.75""","8' 9.5""",34,10.64,3.36,26,2012
Tony Wroten,"6' 4.75""","6' 6""",203,"6' 9""","8' 5""",30,10.75,3.24,25,2012
Jared Cunningham,"6' 3.5""","6' 5""",188,"6' 6.5""","8' 2""",,,,24,2012
John Jenkins,"6' 3.25""","6' 4.25""",212,"6' 8.5""","8' 2""",30.5,11.36,3.37,23,2012
Fab Melo,"6' 10.75""","7' 0""",255,"7' 2.5""","9' 2""",29.5,12.14,3.44,22,2012
Jared Sullinger,"6' 7.75""","6' 9""",268,"7' 1.25""","8' 9.5""",29.5,12.77,3.81,21,2012
Andrew Nicholson,"6' 8.5""","6' 9.5""",234,"7' 4""","8' 11""",28.5,11.89,3.67,19,2012
Terrence Jones,"6' 8.25""","6' 9.5""",252,"7' 2.25""","8' 11""",29.5,11.57,3.4,18,2012
Tyler Zeller,"6' 11.25""","7' 0.5""",247,"7' 0""","8' 8.5""",30,11.13,3.4,17,2012
Royce White,"6' 7""","6' 8""",261,"7' 0""","8' 8.5""",,,,16,2012
Moe Harkless,"6' 7.25""","6' 8.75""",207,"7' 0""","8' 6.5""",32.5,10.87,3.25,15,2012
John Henson,"6' 9""","6' 10.5""",216,"7' 5""","9' 4""",25.5,,,14,2012
Kendall Marshall,"6' 3.25""","6' 4.25""",198,"6' 5.5""","8' 0""",31,12.03,3.23,13,2012
Jeremy Lamb,"6' 4""","6' 5.25""",179,"6' 11""","8' 6""",31.5,10.98,3.25,12,2012
Meyers Leonard,"6' 11.75""","7' 1.25""",250,"7' 3""","9' 0""",30,11.34,3.41,11,2012
Austin Rivers,"6' 3.5""","6' 5""",203,"6' 7.25""","8' 0.5""",32.5,11.54,3.32,10,2012
Andre Drummond,"6' 9.75""","6' 11.75""",279,"7' 6.25""","9' 1.5""",31.5,10.83,3.39,9,2012
Terrence Ross,"6' 6""","6' 7""",197,"6' 7.25""","8' 4.5""",31,11.78,3.28,8,2012
Harrison Barnes,"6' 7""","6' 8""",228,"6' 11.25""","8' 5.5""",38,10.93,3.16,7,2012
Damian Lillard,"6' 1.75""","6' 2.75""",189,"6' 7.75""","7' 11.5""",34.5,11.15,3.34,6,2012
Thomas Robinson,"6' 7.75""","6' 8.75""",244,"7' 3.25""","8' 10""",28.5,11.96,3.17,5,2012
Dion Waiters,"6' 2.5""","6' 4""",221,"6' 7.25""","8' 2""",,,,4,2012
Bradley Beal,"6' 3.25""","6' 4.75""",202,"6' 8""","8' 4""",33,10.95,3.28,3,2012
Michael Kidd-Gilchrist,"6' 5.75""","6' 7.5""",233,"7' 0""","8' 8.5""",32,11.77,3.18,2,2012
Anthony Davis,"6' 9.25""","6' 10.5""",222,"7' 5.5""","9' 0""",,,,1,2012
Steven Adams,6' 10.75'',7' 0'',254.5,7' 4.5'',9' 1.5'',28.5,11.85,3.4,,2013
Vander Blue,6' 3.5'',6' 5.25'',197.4,6' 6'',8' 4.5'',28,10.4,3.14,,2013
Lorenzo Brown,6' 4'',6' 5.25'',189.2,6' 7'',8' 4'',28,11.78,3.4,,2013
Reggie Bullock,6' 5.75'',6' 7'',199.8,6' 8.75'',8' 6'',31,11.33,3.31,,2013
Trey Burke,5' 11.75'',6' 1.25'',187,6' 5.5'',8' 1.5'',29.5,11.2,3.16,,2013
Kentavious Caldwell-Pope,6' 4.5'',6' 5.5'',203.6,6' 8'',8' 4.5'',29,10.6,3.12,,2013
Isaiah Canaan,5' 11'',6' 0'',188.4,6' 4.5'',7' 10.5'',33,10.98,3.22,,2013
Jackie Carmichael,6' 7.5'',6' 9'',241.2,7' 1.5'',8' 11'',30,11.83,3.35,,2013
Michael Carter-Williams,6' 4.75'',6' 5.75'',184.4,6' 7.25'',8' 5'',31.5,10.68,3.22,,2013
Will Clyburn,6' 5.75'',6' 7'',210.4,7' 0.25'',8' 9'',28,11.68,3.38,,2013
Robert Covington,6' 6.25'',6' 7.5'',208.6,7' 1.75'',8' 10'',29.5,11.69,3.34,,2013
Allen Crabbe,6' 5.25'',6' 6.25'',197.4,6' 11.25'',8' 7.5'',30.5,10.67,3.32,,2013
Seth Curry,6' 1'',6' 3'',179.2,6' 4'',8' 1.5'',,,,,2013
Brandon Davies,6' 8.5'',6' 10.25'',241.8,7' 1.5'',9' 0.5'',26,11.22,3.5,,2013
Dewayne Dedmon,6' 10'',6' 11.5'',238.8,7' 4'',9' 1'',28,12.75,3.4,,2013
Gorgui Dieng,6' 9.75'',6' 10.75'',229.6,7' 3.5'',9' 3.5'',,,,,2013
James Ennis,6' 5.75'',6' 7'',200.8,6' 11.5'',8' 8.5'',29.5,11.55,3.4,,2013
Carrick Felix,6' 4.75'',6' 6.25'',202.6,6' 9.25'',8' 7.5'',32,11.16,3.25,,2013
Jamaal Franklin,6' 4'',6' 5.25'',190.8,6' 11.25'',8' 7.5'',,,,,2013
Rudy Gobert,7' 0.5'',7' 2'',237.6,7' 8.5'',9' 7'',25,12.85,3.57,,2013
Archie Goodwin,6' 3.75'',6' 5.25'',189,6' 9.5'',8' 6'',30,10.75,3.27,,2013
Erick Green,6' 1.5'',6' 3'',178.2,6' 5.75'',8' 2'',,,,,2013
Tim Hardaway Jr.,6' 4.5'',6' 6.25'',199.4,6' 7'',8' 5'',31.5,10.68,3.25,,2013
Solomon Hill,6' 5.5'',6' 7'',226,6' 9'',8' 7'',29.5,10.77,3.19,,2013
Richard Howell,6' 6.25'',6' 7.5'',249.6,6' 10.25'',8' 9.5'',,,,,2013
Colton Iverson,6' 10.5'',7' 0'',262.8,7' 2'',9' 2'',26.5,11.52,3.52,,2013
Pierre Jackson,5' 9.5'',5' 10.5'',176,5' 10'',7' 6'',,,,,2013
Grant Jerrett,6' 8.75'',6' 10.25'',232,7' 2'',9' 1'',28.5,11.85,3.51,,2013
Myck Kabongo,6' 1.25'',6' 2.75'',180.4,6' 6.25'',8' 2'',27.5,10.64,3.34,,2013
Kenny Kadji,6' 8.75'',6' 10'',241.6,7' 3'',8' 10.5'',34,11.47,3.44,,2013
Ryan Kelly,6' 9.75'',6' 11.75'',228,6' 11.5'',9' 2'',,,,,2013
Shane Larkin,5' 10.25'',5' 11.5'',170.8,5' 10.75'',7' 5.5'',34.5,10.64,3.08,,2013
Ricky Ledo,6' 4.75'',6' 6'',197.2,6' 7.25'',8' 6.5'',27,10.72,3.32,,2013
Alex Len,,,,7' 3.5'',,,,,,2013
C.J. Leslie,6' 7.5'',6' 8.75'',209.2,7' 2.25'',8' 8.5'',32.5,10.19,3.1,,2013
Trevor Mbakwe,6' 6.75'',6' 8'',235.8,7' 4'',8' 10.5'',30,12.01,3.32,,2013
Ray McCallum,6' 0.25'',6' 1.75'',191.4,6' 3.25'',8' 0.5'',30.5,10.82,3.25,,2013
CJ McCollum,6' 2.25'',6' 3.25'',197,6' 6.25'',8' 0.5'',32,11.02,3.32,,2013
Ben McLemore,6' 3.5'',6' 4.75'',189.2,6' 7.75'',8' 4.5'',32.5,11.87,3.27,,2013
Tony Mitchell,6' 7.5'',6' 8.75'',236.4,7' 2.5'',8' 10.5'',33.5,11.82,3.52,,2013
Shabazz Muhammad,6' 4.75'',6' 6.25'',221.8,6' 11'',8' 8.5'',29.5,10.99,3.32,,2013
Erik Murphy,6' 8.75'',6' 9.5'',239.8,6' 10.5'',9' 0'',24.5,12.19,3.57,,2013
Mike Muscala,6' 10.25'',6' 11.5'',230.2,7' 1'',9' 0'',28,11.76,3.44,,2013
Nerlens Noel,6' 10'',6' 11.75'',206.4,7' 3.75'',9' 2'',,,,,2013
Victor Oladipo,6' 3.25'',6' 4.25'',213.2,6' 9.25'',8' 4.5'',33,10.69,3.25,,2013
Kelly Olynyk,6' 10.75'',7' 0'',234,6' 9.75'',9' 0'',24.5,11.42,3.59,,2013
Brandon Paul,6' 2.75'',6' 4'',201,6' 10.25'',8' 2'',33.5,11.16,3.37,,2013
Norvel Pelle,6' 9.5'',6' 10.5'',207.2,7' 2.5'',9' 1'',31,11.49,3.32,,2013
Mason Plumlee,6' 11.25'',7' 0.5'',238.2,6' 11'',9' 0'',30.5,10.89,3.29,,2013
Otto Porter Jr.,6' 7.5'',6' 8.5'',197.6,7' 1.5'',8' 9.5'',27,11.25,3.4,,2013
Phil Pressey,5' 9.5'',5' 11.5'',177,6' 2.25'',7' 8'',33,10.86,3.13,,2013
Glen Rice Jr.,6' 4.5'',6' 5.75'',210.8,6' 9.25'',8' 5.5'',33,10.99,3.25,,2013
Andre Roberson,6' 6.25'',6' 7'',205.8,6' 11'',8' 8.5'',30,11.36,3.34,,2013
Dennis Schroeder,6' 1'',6' 2'',164.8,6' 7.75'',8' 2'',30,11.09,3.21,,2013
Peyton Siva,5' 11.5'',6' 1'',180.6,6' 3'',7' 9'',33.5,10.59,3.16,,2013
Tony Snell,6' 6'',6' 7.25'',198.2,6' 11.5'',8' 9.5'',30,10.36,3.25,,2013
James Southerland,6' 7'',6' 8'',220.6,7' 1'',8' 10'',29,10.9,3.38,,2013
Adonis Thomas,6' 4.75'',6' 5.75'',231.8,7' 1'',8' 3'',34.5,11.66,3.32,,2013
Deshaun Thomas,6' 5'',6' 7'',219.8,6' 10'',8' 8'',28.5,12.94,3.53,,2013
Jeff Withey,6' 10.75'',7' 0.5'',221.8,7' 2'',9' 2.5'',26.5,12.49,3.47,,2013
Nate Wolters,6' 3.5'',6' 4.75'',196.4,6' 3.75'',8' 2'',,,,,2013
B.J. Young,6' 2.25'',6' 3.5'',178.8,6' 8.25'',8' 3'',,,,,2013
Cody Zeller,6' 10.75'',7' 0.25'',230,6' 10.75'',8' 10'',35.5,10.82,3.15,,2013
